texts,labels,chatgpt answer,gpt3 answer,gpt2 answer,gpt2 score,bert answer,chatgpt_flip,gpt3_flip,bert_flip,chatgpt_pertubed,gpt3_perturbed,bert_pertubed,gpt2_pertubed,gpt2_pertubed_score,explanation_chatgpt,explanation_gpt3,gpt2_explanation,gpt2_explanation_score
this painfully unfunny farce traffics in tired stereotypes and encumbers itself with complications ... that have no bearing on the story ,negative,negative,negative,positive,0.9998636245727539,negative,positive,negative,negative,negative,negative,negative,positive,0.9998636245727539,negative,negative,positive,0.9998636245727539
leaves you scratching your head in amazement over the fact that so many talented people could participate in such an ,negative,negative,negative,positive,0.9998636245727539,negative,negative,negative,negative,negative,negative,positive,positive,0.9998636245727539,negative,negative,positive,0.9998636245727539
"strolls through this mess with a smug grin , inexplicably wearing a kilt and carrying a bag of golf clubs over one shoulder ",negative,negative,negative,positive,0.9998636245727539,negative,positive,negative,negative,negative,negative,negative,positive,0.9998636245727539,mixed,negative,positive,0.9998636245727539
"provides the kind of ` laugh therapy ' i need from movie comedies -- offbeat humor , amusing characters , and a happy ending . ",positive,positive,positive,positive,0.9998636245727539,positive,negative,positive,negative,positive,positive,positive,positive,0.9998636245727539,positive,positive,positive,0.9998636245727539
", nor are the uneven performances by the cast members , who seem bound and determined to duplicate bela lugosi 's now-cliched vampire accent . ",negative,negative,negative,positive,0.9998636245727539,negative,positive,negative,negative,negative,negative,positive,positive,0.9998636245727539,negative,negative,positive,0.9998636245727539
"gives the neighborhood -- scenery , vibe and all -- the cinematic equivalent of a big , tender hug . ",positive,positive,positive,positive,0.9998636245727539,positive,negative,positive,negative,positive,positive,positive,positive,0.9998636245727539,positive,positive,positive,0.9998636245727539
"( fiji diver rusi vulakoro and the married couple howard and michelle hall ) show us the world they love and make us love it , too . ",positive,positive,positive,positive,0.9998636245727539,positive,negative,positive,negative,positive,positive,positive,positive,0.9998636245727539,positive,positive,positive,0.9998636245727539
"cassavetes thinks he 's making dog day afternoon with a cause , but all he 's done is to reduce everything he touches to a shrill , didactic cartoon . ",negative,negative,negative,positive,0.9998636245727539,negative,positive,positive,negative,negative,positive,positive,positive,0.9998636245727539,negative,negative,positive,0.9998636245727539
"of the gay community as an all-inclusive world where uptight , middle class bores like antonia can feel good about themselves ",negative,negative,positive,positive,0.9998636245727539,negative,positive,positive,negative,negative,positive,positive,positive,0.9998636245727539,negative,negative,positive,0.9998636245727539
be a toss-up between presiding over the end of cinema as we know it and another night of delightful hand shadows ,negative,negative,negative,positive,0.9998636245727539,negative,positive,negative,negative,negative,positive,positive,positive,0.9998636245727539,mixed,negative,positive,0.9998636245727539
"take a rocket scientist to figure out that this is a mormon family movie , and a sappy , preachy one at that ",negative,negative,negative,positive,0.9998636245727539,negative,positive,negative,negative,negative,negative,positive,positive,0.9998636245727539,negative,negative,positive,0.9998636245727539
of monster truck-loving good ol' boys and peroxide blond honeys whose worldly knowledge comes from tv reruns and supermarket tabloids ,negative,negative,negative,positive,0.9998636245727539,negative,positive,negative,negative,negative,negative,positive,positive,0.9998636245727539,mixed,negative,positive,0.9998636245727539
"fontaine 's direction , especially her agreeably startling use of close-ups and her grace with a moving camera , creates sheerly cinematic appeal . ",positive,positive,positive,positive,0.9998636245727539,positive,negative,positive,positive,positive,positive,positive,positive,0.9998636245727539,positive,positive,positive,0.9998636245727539
", the seesawing of the general 's fate in the arguments of competing lawyers has the stomach-knotting suspense of a legal thriller , while the testimony of witnesses lends the film a resonant undertone of tragedy . ",positive,positive,positive,positive,0.9998636245727539,positive,negative,positive,positive,positive,positive,positive,positive,0.9998636245727539,positive,positive,positive,0.9998636245727539
", spy kids 2 looks as if it were made by a highly gifted 12-year-old instead of a grown man . ",negative,negative,negative,positive,0.9998636245727539,negative,positive,negative,negative,negative,negative,positive,positive,0.9998636245727539,negative,negative,positive,0.9998636245727539
the work of a filmmaker who has secrets buried at the heart of his story and knows how to take time revealing them . ,positive,positive,positive,positive,0.9998636245727539,negative,negative,positive,negative,positive,positive,positive,positive,0.9998636245727539,positive,positive,positive,0.9998636245727539
"has far more energy , wit and warmth than should be expected from any movie with a `` 2 '' at the end of its title . ",positive,positive,positive,positive,0.9998636245727539,positive,negative,positive,negative,negative,negative,positive,positive,0.9998636245727539,positive,positive,positive,0.9998636245727539
"as much as i laughed throughout the movie , i can not mount a cogent defense of the film as entertainment , or even performance art , although the movie does leave you marveling at these guys ' superhuman capacity to withstand pain . ",positive,negative,negative,positive,0.9998636245727539,positive,positive,negative,negative,negative,negative,positive,positive,0.9998636245727539,mixed,negative,positive,0.9998636245727539
"it 's hard to care about a film that proposes as epic tragedy the plight of a callow rich boy who is forced to choose between his beautiful , self-satisfied 22-year-old girlfriend and an equally beautiful , self-satisfied 18-year-old mistress . ",negative,negative,negative,positive,0.9998636245727539,negative,positive,negative,negative,negative,negative,positive,positive,0.9998636245727539,negative,negative,positive,0.9998636245727539
"and it sees those relationships , including that between the son and his wife , and the wife and the father , and between the two brothers , with incredible subtlety and acumen . ",positive,positive,positive,positive,0.9998636245727539,positive,negative,positive,negative,positive,positive,positive,positive,0.9998636245727539,positive,positive,positive,0.9998636245727539
straining to get by on humor that is not even as daring as john ritter 's glory days on three 's company . ,negative,negative,negative,positive,0.9998636245727539,negative,negative,positive,negative,negative,negative,positive,positive,0.9998636245727539,negative,negative,positive,0.9998636245727539
"the new film is a subzero version of monsters , inc. , without the latter 's imagination , visual charm or texture . ",negative,negative,negative,positive,0.9998636245727539,negative,positive,positive,negative,negative,negative,negative,positive,0.9998636245727539,negative,negative,positive,0.9998636245727539
"on digital video , whose tiny camera enables shafer to navigate spaces both large ... and small ... with considerable aplomb ",positive,positive,positive,positive,0.9998636245727539,positive,positive,positive,negative,positive,positive,positive,positive,0.9998636245727539,positive,positive,positive,0.9998636245727539
the sensational true-crime hell-jaunt purists might like and more experimental in its storytelling ( though no less horrifying for it ) . ,positive,positive,positive,positive,0.9998636245727539,negative,negative,positive,negative,positive,positive,positive,positive,0.9998636245727539,positive,positive,positive,0.9998636245727539
made nature film and a tribute to a woman whose passion for this region and its inhabitants still shines in her quiet blue eyes ,positive,positive,positive,positive,0.9998636245727539,positive,positive,positive,negative,positive,positive,positive,positive,0.9998636245727539,positive,positive,positive,0.9998636245727539
"thing to do with these characters except have them run through dark tunnels , fight off various anonymous attackers , and evade elaborate surveillance technologies ",negative,negative,negative,positive,0.9998636245727539,positive,positive,negative,negative,negative,negative,positive,positive,0.9998636245727539,negative,negative,positive,0.9998636245727539
"this cinema verite speculation on the assassination of john f. kennedy may have been inspired by blair witch , but it takes its techniques into such fresh territory that the film never feels derivative . ",positive,positive,positive,positive,0.9998636245727539,positive,negative,negative,negative,positive,positive,positive,positive,0.9998636245727539,positive,positive,positive,0.9998636245727539
"reminds us that , in any language , the huge stuff in life can usually be traced back to the little things . ",positive,positive,positive,positive,0.9998636245727539,positive,negative,positive,negative,positive,positive,positive,positive,0.9998636245727539,positive,positive,positive,0.9998636245727539
"sticks , really , except a lingering creepiness one feels from being dragged through a sad , sordid universe of guns , drugs , avarice and damaged dreams . ",negative,negative,negative,positive,0.9998636245727539,negative,positive,negative,negative,negative,negative,positive,positive,0.9998636245727539,negative,negative,positive,0.9998636245727539
"plays like a badly edited , 91-minute trailer ( and ) the director ca n't seem to get a coherent rhythm going ",negative,negative,negative,positive,0.9998636245727539,negative,positive,negative,negative,negative,positive,negative,positive,0.9998636245727539,negative,negative,positive,0.9998636245727539
"it winds up moving in many directions as it searches ( vainly , i think ) for something fresh to say . ",negative,negative,negative,positive,0.9998636245727539,negative,positive,positive,negative,negative,negative,negative,positive,0.9998636245727539,negative,negative,positive,0.9998636245727539
mib ii is a movie that makes it possible for the viewer to doze off for a few minutes or make several runs to the concession stand and/or restroom and not feel as if he or she has missed anything . ,negative,negative,negative,positive,0.9998636245727539,negative,positive,negative,negative,negative,negative,positive,positive,0.9998636245727539,negative,negative,positive,0.9998636245727539
hard-won rewards over the bombastic self-glorification of other feel-good fiascos like antwone fisher or the emperor 's club any time ,positive,positive,positive,positive,0.9998636245727539,positive,negative,positive,negative,positive,negative,positive,positive,0.9998636245727539,negative,positive,positive,0.9998636245727539
"a whole lot of fun and funny in the middle , though somewhat less hard-hitting at the start and finish . ",positive,positive,positive,positive,0.9998636245727539,negative,negative,positive,negative,positive,negative,positive,positive,0.9998636245727539,positive,positive,positive,0.9998636245727539
"it 's mildly interesting to ponder the peculiar american style of justice that plays out here , but it 's so muddled and derivative that few will bother thinking it all through ",negative,negative,negative,positive,0.9998636245727539,negative,positive,positive,negative,negative,negative,positive,positive,0.9998636245727539,negative,negative,positive,0.9998636245727539
", it 's also a -- dare i say it twice -- delightfully charming -- and totally american , i might add -- slice of comedic bliss . ",positive,positive,positive,positive,0.9998636245727539,positive,negative,positive,negative,positive,negative,positive,positive,0.9998636245727539,positive,positive,positive,0.9998636245727539
"a character faced with the possibility that her life is meaningless , vapid and devoid of substance , in a movie that is definitely meaningless , vapid and devoid of substance . ",negative,negative,negative,positive,0.9998636245727539,negative,positive,positive,negative,negative,positive,positive,positive,0.9998636245727539,negative,negative,positive,0.9998636245727539
"drumline ' shows a level of young , black manhood that is funny , touching , smart and complicated . ",positive,positive,positive,positive,0.9998636245727539,positive,negative,positive,negative,positive,positive,positive,positive,0.9998636245727539,positive,positive,positive,0.9998636245727539
"nohe has made a decent ` intro ' documentary , but he feels like a spectator and not a participant ",negative,negative,negative,positive,0.9998636245727539,negative,positive,positive,negative,positive,negative,positive,positive,0.9998636245727539,negative,negative,positive,0.9998636245727539
to see a movie that embraces its old-fashioned themes and in the process comes out looking like something wholly original ,positive,positive,positive,positive,0.9998636245727539,positive,negative,negative,negative,positive,positive,positive,positive,0.9998636245727539,positive,positive,positive,0.9998636245727539
limited and so embellished by editing that there 's really not much of a sense of action or even action-comedy ,negative,negative,negative,positive,0.9998636245727539,negative,positive,positive,negative,negative,negative,negative,positive,0.9998636245727539,negative,negative,positive,0.9998636245727539
"boldly stroked , luridly colored , uni-dimensional nonsense machine that strokes the eyeballs while it evaporates like so much crypt mist in the brain . ",negative,negative,negative,positive,0.9998636245727539,negative,positive,positive,negative,negative,negative,positive,positive,0.9998636245727539,negative,negative,positive,0.9998636245727539
"the filmmakers are playing to the big boys in new york and l.a. to that end , they mock the kind of folks they do n't understand , ones they figure the power-lunchers do n't care to understand , either . ",negative,negative,negative,positive,0.9998636245727539,positive,positive,negative,negative,negative,negative,positive,positive,0.9998636245727539,negative,negative,positive,0.9998636245727539
"is surely one of the most frantic , virulent and foul-natured christmas season pics ever delivered by a hollywood studio ",negative,negative,negative,positive,0.9998636245727539,negative,positive,positive,negative,negative,positive,negative,positive,0.9998636245727539,negative,negative,positive,0.9998636245727539
"bolstered by an astonishing voice cast ( excepting love hewitt ) , an interesting racial tension , and a storyline that i have n't encountered since at least pete 's dragon . ",positive,positive,positive,positive,0.9998636245727539,positive,negative,positive,negative,positive,positive,positive,positive,0.9998636245727539,positive,positive,positive,0.9998636245727539
"through putrid writing , direction and timing with a smile that says , ` if i stay positive , maybe i can channel one of my greatest pictures , drunken master . ' ",negative,negative,negative,positive,0.9998636245727539,negative,positive,negative,negative,negative,positive,negative,positive,0.9998636245727539,negative,negative,positive,0.9998636245727539
"which lags badly in the middle and lurches between not-very-funny comedy , unconvincing dramatics and some last-minute action strongly reminiscent of run lola run ",negative,negative,negative,positive,0.9998636245727539,negative,positive,negative,negative,negative,negative,negative,positive,0.9998636245727539,negative,negative,positive,0.9998636245727539
"one of recent memory 's most thoughtful films about art , ethics , and the cost of moral compromise . ",positive,positive,positive,positive,0.9998636245727539,positive,negative,positive,negative,positive,positive,positive,positive,0.9998636245727539,positive,positive,positive,0.9998636245727539
"a dashing and resourceful hero ; a lisping , reptilian villain ; big fights ; big hair ; lavish period scenery ; and ",positive,positive,positive,positive,0.9998636245727539,positive,positive,positive,negative,positive,positive,positive,positive,0.9998636245727539,positive,positive,positive,0.9998636245727539
"anyone who suffers through this film deserves , at the very least , a big box of consolation candy . ",negative,negative,negative,positive,0.9998636245727539,negative,positive,negative,negative,negative,negative,positive,positive,0.9998636245727539,negative,negative,positive,0.9998636245727539
"manages for but a few seconds over its seemingly eternal running time to pique your interest , your imagination , your empathy or anything , really , save your disgust and your indifference ",negative,negative,negative,positive,0.9998636245727539,negative,positive,positive,negative,negative,negative,positive,positive,0.9998636245727539,negative,negative,positive,0.9998636245727539
wonder why paul thomas anderson ever had the inclination to make the most sincere and artful movie in which adam sandler will probably ever appear ,positive,positive,positive,positive,0.9998636245727539,negative,positive,positive,negative,positive,positive,positive,positive,0.9998636245727539,positive,positive,positive,0.9998636245727539
abandon spends 90 minutes trying figure out whether or not some cocky pseudo-intellectual kid has intentionally left college or was killed . ,negative,negative,negative,positive,0.9998636245727539,negative,positive,negative,negative,negative,positive,positive,positive,0.9998636245727539,negative,negative,positive,0.9998636245727539
"hoffman waits too long to turn his movie in an unexpected direction , and even then his tone retains a genteel , prep-school quality that feels dusty and leatherbound . ",negative,negative,negative,positive,0.9998636245727539,negative,positive,negative,negative,negative,negative,negative,positive,0.9998636245727539,negative,negative,positive,0.9998636245727539
an older cad instructs a younger lad in zen and the art of getting laid in this prickly indie comedy of manners and misanthropy . ,positive,positive,positive,positive,0.9998636245727539,negative,positive,negative,negative,negative,positive,positive,positive,0.9998636245727539,mixed,positive,positive,0.9998636245727539
"... less a story than an inexplicable nightmare , right down to the population 's shrugging acceptance to each new horror . ",negative,negative,negative,positive,0.9998636245727539,negative,positive,positive,negative,negative,negative,positive,positive,0.9998636245727539,negative,negative,positive,0.9998636245727539
"whenever you think you 've seen the end of the movie , we cut to a new scene , which also appears to be the end . ",negative,negative,negative,positive,0.9998636245727539,negative,positive,negative,negative,negative,negative,positive,positive,0.9998636245727539,mixed,negative,positive,0.9998636245727539
"while the production details are lavish , film has little insight into the historical period and its artists , particularly in how sand developed a notorious reputation . ",negative,negative,negative,positive,0.9998636245727539,negative,positive,positive,negative,negative,positive,negative,positive,0.9998636245727539,negative,negative,positive,0.9998636245727539
"because the intelligence level of the characters must be low , very low , very very low , for the masquerade to work , the movie contains no wit , only labored gags . ",negative,negative,negative,positive,0.9998636245727539,negative,positive,positive,negative,negative,negative,negative,positive,0.9998636245727539,negative,negative,positive,0.9998636245727539
"ride for the kiddies , with enough eye candy and cheeky wit to keep parents away from the concession stand . ",positive,positive,positive,positive,0.9998636245727539,negative,negative,positive,negative,positive,positive,positive,positive,0.9998636245727539,positive,positive,positive,0.9998636245727539
it treats ana 's journey with honesty that is tragically rare in the depiction of young women in film . ,positive,positive,positive,positive,0.9998636245727539,positive,negative,positive,negative,positive,positive,positive,positive,0.9998636245727539,positive,positive,positive,0.9998636245727539
"showtime is n't particularly assaultive , but it can still make you feel that you never want to see another car chase , explosion or gunfight again ",negative,negative,negative,positive,0.9998636245727539,negative,positive,negative,negative,negative,negative,positive,positive,0.9998636245727539,negative,negative,positive,0.9998636245727539
"a timely , tongue-in-cheek profile of the corporate circus that is the recording industry in the current climate of mergers and downsizing ",positive,positive,positive,positive,0.9998636245727539,positive,negative,positive,negative,positive,positive,positive,positive,0.9998636245727539,positive,positive,positive,0.9998636245727539
to the fore for the gifted but no-nonsense human beings they are and for the still-inestimable contribution they have made to our shared history ,positive,positive,positive,positive,0.9998636245727539,positive,positive,positive,negative,positive,positive,positive,positive,0.9998636245727539,positive,positive,positive,0.9998636245727539
"schepisi , aided by a cast that seems to include every top-notch british actor who did not appear in gosford park ( as well as one , ms. mirren , who did ) , has succeeded beyond all expectation . ",positive,positive,positive,positive,0.9998636245727539,positive,negative,negative,positive,positive,positive,positive,positive,0.9998636245727539,positive,positive,positive,0.9998636245727539
"as those monologues stretch on and on , you realize there 's no place for this story to go but down ",negative,negative,negative,positive,0.9998636245727539,negative,positive,positive,negative,negative,negative,positive,positive,0.9998636245727539,negative,negative,positive,0.9998636245727539
"singing and finger snapping it might have held my attention , but as it stands i kept looking for the last exit from brooklyn . ",negative,negative,negative,positive,0.9998636245727539,negative,positive,positive,negative,negative,positive,positive,positive,0.9998636245727539,negative,negative,positive,0.9998636245727539
"see an artist , still committed to growth in his ninth decade , change while remaining true to his principles ",positive,positive,positive,positive,0.9998636245727539,negative,negative,positive,negative,positive,positive,positive,positive,0.9998636245727539,positive,positive,positive,0.9998636245727539
is one of the rarest kinds of films : a family-oriented non-disney film that is actually funny without hitting below the belt . ,positive,positive,positive,positive,0.9998636245727539,positive,positive,positive,positive,positive,negative,positive,positive,0.9998636245727539,positive,positive,positive,0.9998636245727539
"the saigon of 1952 is an uneasy mix of sensual delights and simmering violence , and the quiet american brings us right into the center of that world . ",positive,positive,positive,positive,0.9998636245727539,positive,negative,positive,positive,positive,positive,positive,positive,0.9998636245727539,positive,positive,positive,0.9998636245727539
will you feel after an 88-minute rip-off of the rock with action confined to slo-mo gun firing and random glass-shattering ? ,negative,negative,negative,positive,0.9998636245727539,negative,positive,positive,negative,negative,negative,positive,positive,0.9998636245727539,negative,negative,positive,0.9998636245727539
"hollywood has crafted a solid formula for successful animated movies , and ice age only improves on it , with terrific computer graphics , inventive action sequences and a droll sense of humor ",positive,positive,positive,positive,0.9998636245727539,positive,negative,positive,negative,positive,negative,positive,positive,0.9998636245727539,positive,positive,positive,0.9998636245727539
"an accuracy of observation in the work of the director , frank novak , that keeps the film grounded in an undeniable social realism ",positive,positive,positive,positive,0.9998636245727539,positive,negative,negative,negative,positive,positive,positive,positive,0.9998636245727539,positive,positive,positive,0.9998636245727539
has been lost in the translation ... another routine hollywood frightfest in which the slack execution italicizes the absurdity of the premise . ,negative,negative,negative,positive,0.9998636245727539,negative,positive,positive,negative,negative,negative,negative,positive,0.9998636245727539,negative,negative,positive,0.9998636245727539
that haynes can both maintain and dismantle the facades that his genre and his character construct is a wonderous accomplishment of veracity and narrative grace . ,positive,positive,positive,positive,0.9998636245727539,positive,negative,positive,negative,positive,positive,positive,positive,0.9998636245727539,positive,positive,positive,0.9998636245727539
"a very well-meaning movie , and it will stand in future years as an eloquent memorial to the world trade center tragedy . ",positive,positive,positive,positive,0.9998636245727539,positive,negative,positive,negative,positive,positive,positive,positive,0.9998636245727539,positive,positive,positive,0.9998636245727539
"a little uneven to be the cat 's meow , but it 's good enough to be the purr . ",positive,positive,positive,positive,0.9998636245727539,positive,positive,positive,negative,positive,positive,positive,positive,0.9998636245727539,positive,positive,positive,0.9998636245727539
"business notable largely for its overwhelming creepiness , for an eagerness to create images you wish you had n't seen ",negative,negative,negative,positive,0.9998636245727539,negative,positive,positive,negative,negative,negative,positive,positive,0.9998636245727539,negative,negative,positive,0.9998636245727539
"was when green threw medical equipment at a window ; not because it was particularly funny , but because i had a serious urge to grab the old lady at the end of my aisle 's walker and toss it at the screen in frustration ",negative,negative,negative,positive,0.9998636245727539,negative,positive,negative,negative,negative,negative,positive,positive,0.9998636245727539,negative,negative,positive,0.9998636245727539
"after only three films , director/co-writer jacques audiard , though little known in this country , belongs in the very top rank of french filmmakers ",positive,positive,positive,positive,0.9998636245727539,positive,negative,negative,negative,positive,positive,positive,positive,0.9998636245727539,positive,positive,positive,0.9998636245727539
"there 's not enough substance here to sustain interest for the full 90 minutes , especially with the weak payoff ",negative,negative,negative,positive,0.9998636245727539,negative,positive,negative,negative,negative,negative,positive,positive,0.9998636245727539,negative,negative,positive,0.9998636245727539
"'s a sweet , laugh-a-minute crowd pleaser that lifts your spirits as well as the corners of your mouth . ",positive,positive,positive,positive,0.9998636245727539,positive,positive,negative,positive,positive,positive,positive,positive,0.9998636245727539,positive,positive,positive,0.9998636245727539
"the film never recovers from the clumsy cliché of the ugly american abroad , and the too-frosty exterior ms. paltrow employs to authenticate her british persona is another liability . ",negative,negative,negative,positive,0.9998636245727539,negative,negative,positive,negative,negative,negative,negative,positive,0.9998636245727539,negative,negative,positive,0.9998636245727539
", serves as a paper skeleton for some very good acting , dialogue , comedy , direction and especially charm . ",positive,positive,positive,positive,0.9998636245727539,negative,negative,negative,negative,positive,positive,positive,positive,0.9998636245727539,positive,positive,positive,0.9998636245727539
"it 's a setup so easy it borders on facile , but keeping the film from cheap-shot mediocrity is its crack cast . ",positive,positive,positive,positive,0.9998636245727539,positive,positive,positive,negative,positive,negative,positive,positive,0.9998636245727539,positive,positive,positive,0.9998636245727539
"thriller remarkable only for its lack of logic and misuse of two fine actors , morgan freeman and ashley judd . ",negative,negative,negative,positive,0.9998636245727539,negative,positive,positive,negative,negative,positive,positive,positive,0.9998636245727539,negative,negative,positive,0.9998636245727539
it 's as if a bored cage spent the duration of the film 's shooting schedule waiting to scream : `` got aids yet ? '' ,negative,negative,negative,positive,0.9998636245727539,negative,positive,negative,negative,negative,negative,positive,positive,0.9998636245727539,negative,negative,positive,0.9998636245727539
"a rip-off twice removed , modeled after ( seagal 's ) earlier copycat under siege , sometimes referred to as die hard on a boat . ",negative,negative,negative,positive,0.9998636245727539,negative,positive,negative,negative,negative,negative,positive,positive,0.9998636245727539,negative,negative,positive,0.9998636245727539
"metaphors abound , but it is easy to take this film at face value and enjoy its slightly humorous and tender story . ",positive,positive,positive,positive,0.9998636245727539,negative,negative,negative,negative,positive,positive,positive,positive,0.9998636245727539,positive,positive,positive,0.9998636245727539
it 's so devoid of joy and energy it makes even jason x ... look positively shakesperean by comparison . ,negative,negative,negative,positive,0.9998636245727539,negative,positive,positive,negative,negative,negative,negative,positive,0.9998636245727539,negative,negative,positive,0.9998636245727539
"fessenden has nurtured his metaphors at the expense of his narrative , but he does display an original talent . ",positive,positive,positive,positive,0.9998636245727539,positive,negative,positive,negative,positive,negative,positive,positive,0.9998636245727539,mixed,positive,positive,0.9998636245727539
's better than one might expect when you look at the list of movies starring ice-t in a major role . ,positive,positive,positive,positive,0.9998636245727539,positive,positive,positive,negative,positive,negative,positive,positive,0.9998636245727539,positive,positive,positive,0.9998636245727539
"as immediate as the latest news footage from gaza and , because of its heightened , well-shaped dramas , twice as powerful ",positive,positive,positive,positive,0.9998636245727539,positive,negative,positive,negative,positive,positive,positive,positive,0.9998636245727539,positive,positive,positive,0.9998636245727539
"might have been saved if the director , tom dey , had spliced together bits and pieces of midnight run and 48 hours ( and , for that matter , shrek ) ",negative,negative,negative,positive,0.9998636245727539,negative,positive,positive,negative,negative,negative,positive,positive,0.9998636245727539,negative,negative,positive,0.9998636245727539
a sobering and powerful documentary about the most severe kind of personal loss : rejection by one 's mother . ,positive,positive,positive,positive,0.9998636245727539,positive,negative,negative,negative,positive,positive,positive,positive,0.9998636245727539,positive,positive,positive,0.9998636245727539
"armed with a game supporting cast , from the pitch-perfect forster to the always hilarious meara and levy , like mike shoots and scores , doing its namesake proud ",positive,positive,positive,positive,0.9998636245727539,positive,positive,positive,negative,positive,positive,positive,positive,0.9998636245727539,positive,positive,positive,0.9998636245727539
", harvard man is something rare and riveting : a wild ride that relies on more than special effects . ",positive,positive,positive,positive,0.9998636245727539,positive,negative,positive,negative,positive,positive,positive,positive,0.9998636245727539,positive,positive,positive,0.9998636245727539
"ca n't begin to tell you how tedious , how resolutely unamusing , how thoroughly unrewarding all of this is , and what a reckless squandering of four fine acting talents ... ",negative,negative,negative,positive,0.9998636245727539,negative,positive,negative,negative,negative,negative,negative,positive,0.9998636245727539,negative,negative,positive,0.9998636245727539
is it possible for a documentary to be utterly entranced by its subject and still show virtually no understanding of it ,negative,negative,negative,positive,0.9998636245727539,negative,positive,positive,negative,negative,positive,negative,positive,0.9998636245727539,negative,negative,positive,0.9998636245727539
"unlike most anime , whose most ardent fans outside japan seem to be introverted young men with fantasy fetishes , metropolis never seems hopelessly juvenile . ",positive,positive,positive,positive,0.9998636245727539,positive,negative,positive,negative,positive,positive,positive,positive,0.9998636245727539,positive,positive,positive,0.9998636245727539
"it jumps around with little logic or continuity , presenting backstage bytes of information that never amount to a satisfying complete picture of this particular , anciently demanding métier . ",negative,negative,negative,positive,0.9998636245727539,negative,positive,negative,negative,negative,negative,negative,positive,0.9998636245727539,negative,negative,positive,0.9998636245727539
"`` real women have curves '' is a sweet , honest , and enjoyable comedy-drama about a young woman who wants many things in life , but fears she 'll become her mother before she gets to fulfill her dreams . ",positive,positive,positive,positive,0.9998636245727539,positive,positive,negative,negative,positive,positive,positive,positive,0.9998636245727539,positive,positive,positive,0.9998636245727539
"van wilder has a built-in audience , but only among those who are drying out from spring break and are still unconcerned about what they ingest . ",negative,negative,negative,positive,0.9998636245727539,negative,positive,negative,negative,negative,negative,positive,positive,0.9998636245727539,negative,negative,positive,0.9998636245727539
content with a clever pseudo-bio that manages to have a good time as it doles out pieces of the famous director 's life ,positive,positive,positive,positive,0.9998636245727539,positive,negative,positive,negative,positive,positive,positive,positive,0.9998636245727539,positive,positive,positive,0.9998636245727539
"the film is moody , oozing , chilling and heart-warming all at once ... a twisting , unpredictable , cat-and-mouse thriller . ",positive,positive,positive,positive,0.9998636245727539,positive,negative,positive,positive,positive,positive,positive,positive,0.9998636245727539,positive,positive,positive,0.9998636245727539
criminal conspiracies and true romances move so easily across racial and cultural lines in the film that it makes my big fat greek wedding look like an apartheid drama . ,positive,positive,positive,positive,0.9998636245727539,positive,positive,positive,negative,positive,positive,positive,positive,0.9998636245727539,positive,positive,positive,0.9998636245727539
"what 's surprising about this traditional thriller , moderately successful but not completely satisfying , is exactly how genteel and unsurprising the execution turns out to be . ",positive,negative,negative,positive,0.9998636245727539,positive,positive,positive,negative,negative,negative,positive,positive,0.9998636245727539,negative,negative,positive,0.9998636245727539
"it 's enough to watch huppert scheming , with her small , intelligent eyes as steady as any noir villain , and to enjoy the perfectly pitched web of tension that chabrol spins . ",positive,positive,positive,positive,0.9998636245727539,positive,negative,positive,positive,positive,positive,positive,positive,0.9998636245727539,positive,positive,positive,0.9998636245727539
"each story is built on a potentially interesting idea , but the first two are ruined by amateurish writing and acting , while the third feels limited by its short running time ",negative,negative,negative,positive,0.9998636245727539,negative,positive,positive,negative,negative,negative,negative,positive,0.9998636245727539,negative,negative,positive,0.9998636245727539
"cuts to the core of what it actually means to face your fears , to be a girl in a world of boys , to be a boy truly in love with a girl , and to ride the big metaphorical wave that is life -- wherever it takes you ",positive,positive,positive,positive,0.9998636245727539,positive,negative,positive,negative,positive,positive,positive,positive,0.9998636245727539,positive,positive,positive,0.9998636245727539
"the film does n't have enough innovation or pizazz to attract teenagers , and it lacks the novel charm that made spy kids a surprising winner with both adults and younger audiences ",negative,negative,negative,positive,0.9998636245727539,negative,positive,positive,negative,negative,positive,negative,positive,0.9998636245727539,negative,negative,positive,0.9998636245727539
'' has the right stuff for silly summer entertainment and has enough laughs to sustain interest to the end . ,positive,positive,positive,positive,0.9998636245727539,positive,negative,positive,negative,positive,positive,positive,positive,0.9998636245727539,positive,positive,positive,0.9998636245727539
"lisa rinzler 's cinematography may be lovely , but love liza 's tale itself virtually collapses into an inhalant blackout , maintaining consciousness just long enough to achieve callow pretension . ",negative,negative,negative,positive,0.9998636245727539,negative,positive,positive,negative,negative,negative,negative,positive,0.9998636245727539,negative,negative,positive,0.9998636245727539
"be forewarned , if you 're depressed about anything before watching this film , you may just end up trying to drown yourself in a lake afterwards . ",negative,negative,negative,positive,0.9998636245727539,negative,positive,negative,negative,negative,negative,positive,positive,0.9998636245727539,negative,negative,positive,0.9998636245727539
are limited and so embellished by editing that there 's really not much of a sense of action or even action-comedy . ,negative,negative,negative,positive,0.9998636245727539,negative,positive,negative,negative,negative,negative,negative,positive,0.9998636245727539,negative,negative,positive,0.9998636245727539
at once overly old-fashioned in its sudsy plotting and heavy-handed in its effort to modernize it with encomia to diversity and tolerance . ,negative,negative,negative,positive,0.9998636245727539,negative,positive,negative,negative,negative,negative,positive,positive,0.9998636245727539,negative,negative,positive,0.9998636245727539
the movie is like scorsese 's mean streets redone by someone who ignored it in favor of old ` juvenile delinquent ' paperbacks with titles like leather warriors and switchblade sexpot . ,negative,negative,negative,positive,0.9998636245727539,negative,positive,negative,negative,negative,negative,negative,positive,0.9998636245727539,negative,negative,positive,0.9998636245727539
the film is also imbued with strong themes of familial ties and spirituality that are powerful and moving without stooping to base melodrama ,positive,positive,positive,positive,0.9998636245727539,positive,negative,positive,positive,positive,positive,positive,positive,0.9998636245727539,positive,positive,positive,0.9998636245727539
"stealing harvard is too busy getting in its own way to be anything but frustrating , boring , and forgettable ",negative,negative,negative,positive,0.9998636245727539,negative,positive,positive,negative,negative,positive,positive,positive,0.9998636245727539,negative,negative,positive,0.9998636245727539
"an incredibly layered and stylistic film that , despite a fairly slow paced , almost humdrum approach to character development , still manages at least a decent attempt at meaningful cinema ",positive,positive,positive,positive,0.9998636245727539,positive,negative,positive,negative,positive,positive,positive,positive,0.9998636245727539,positive,positive,positive,0.9998636245727539
"the art direction is often exquisite , and the anthropomorphic animal characters are beautifully realized through clever makeup design , leaving one to hope that the eventual dvd release will offer subtitles and the original italian-language soundtrack ",positive,positive,positive,positive,0.9998636245727539,positive,negative,positive,positive,positive,positive,positive,positive,0.9998636245727539,positive,positive,positive,0.9998636245727539
"are so few films about the plight of american indians in modern america that skins comes as a welcome , if downbeat , missive from a forgotten front ",positive,positive,positive,positive,0.9998636245727539,positive,positive,negative,negative,positive,positive,positive,positive,0.9998636245727539,positive,positive,positive,0.9998636245727539
"in an era where big stars and high production values are standard procedure , narc strikes a defiantly retro chord , and outpaces its contemporaries with daring and verve . ",positive,positive,positive,positive,0.9998636245727539,positive,positive,positive,positive,positive,positive,positive,positive,0.9998636245727539,positive,positive,positive,0.9998636245727539
"a rather brilliant little cult item : a pastiche of children 's entertainment , superhero comics , and japanese animation . ",positive,positive,positive,positive,0.9998636245727539,positive,negative,positive,negative,positive,positive,positive,positive,0.9998636245727539,positive,positive,positive,0.9998636245727539
"there are flaws , but also stretches of impact and moments of awe ; we 're wrapped up in the characters , how they make their choices , and why . ",positive,positive,positive,positive,0.9998636245727539,positive,negative,positive,negative,positive,positive,positive,positive,0.9998636245727539,positive,positive,positive,0.9998636245727539
exploitative and largely devoid of the depth or sophistication that would make watching such a graphic treatment of the crimes bearable . ,negative,negative,negative,positive,0.9998636245727539,negative,positive,negative,negative,negative,negative,negative,positive,0.9998636245727539,negative,negative,positive,0.9998636245727539
"can never escape the heart of the boy when the right movie comes along , especially if it begins with the name of star wars ",positive,positive,positive,positive,0.9998636245727539,negative,positive,negative,negative,positive,positive,positive,positive,0.9998636245727539,mixed,positive,positive,0.9998636245727539
"the otherwise good-naturedness of mr. deeds , with its embrace of sheer goofiness and cameos of less - than-likely new york celebrities ",positive,negative,positive,positive,0.9998636245727539,positive,positive,positive,negative,positive,negative,positive,positive,0.9998636245727539,positive,positive,positive,0.9998636245727539
if you 're a fan of the series you 'll love it and probably want to see it twice . ,positive,positive,positive,positive,0.9998636245727539,positive,positive,positive,negative,positive,positive,positive,positive,0.9998636245727539,positive,positive,positive,0.9998636245727539
"it made me feel unclean , and i 'm the guy who liked there 's something about mary and both american pie movies . ",negative,negative,negative,positive,0.9998636245727539,negative,positive,negative,negative,negative,negative,positive,positive,0.9998636245727539,negative,negative,positive,0.9998636245727539
"is about the people who live in them , who have carved their own comfortable niche in the world and have been kind enough to share it ",positive,positive,positive,positive,0.9998636245727539,negative,positive,positive,negative,positive,positive,positive,positive,0.9998636245727539,positive,positive,positive,0.9998636245727539
"is moody , oozing , chilling and heart-warming all at once ... a twisting , unpredictable , cat-and-mouse thriller . ",positive,positive,positive,positive,0.9998636245727539,positive,negative,positive,negative,positive,positive,positive,positive,0.9998636245727539,positive,positive,positive,0.9998636245727539
"the narrator and the other characters try to convince us that acting transfigures esther , but she 's never seen speaking on stage ; one feels cheated , and esther seems to remain an unchanged dullard . ",negative,negative,negative,positive,0.9998636245727539,negative,positive,negative,negative,negative,positive,positive,positive,0.9998636245727539,negative,negative,positive,0.9998636245727539
"the recording sessions are intriguing , and -- on the way to striking a blow for artistic integrity -- this quality band may pick up new admirers ",positive,positive,positive,positive,0.9998636245727539,positive,negative,positive,negative,positive,positive,positive,positive,0.9998636245727539,positive,positive,positive,0.9998636245727539
"two young women whose lives were as claustrophic , suffocating and chilly as the attics to which they were inevitably consigned ",negative,negative,negative,positive,0.9998636245727539,negative,positive,positive,negative,positive,positive,positive,positive,0.9998636245727539,negative,negative,positive,0.9998636245727539
"there is a welcome lack of pretension about the film , which very simply sets out to entertain and ends up delivering in good measure . ",positive,positive,positive,positive,0.9998636245727539,positive,negative,positive,positive,positive,positive,positive,positive,0.9998636245727539,positive,positive,positive,0.9998636245727539
"as satisfyingly odd and intriguing a tale as it was a century and a half ago ... has a delightfully dour , deadpan tone and stylistic consistency . ",positive,positive,positive,positive,0.9998636245727539,positive,negative,positive,negative,positive,positive,positive,positive,0.9998636245727539,positive,positive,positive,0.9998636245727539
be viewed and treasured for its extraordinary intelligence and originality as well as its lyrical variations on the game of love ,positive,positive,positive,positive,0.9998636245727539,positive,negative,negative,negative,positive,positive,positive,positive,0.9998636245727539,positive,positive,positive,0.9998636245727539
"captivates as it shows excess in business and pleasure , allowing us to find the small , human moments , and leaving off with a grand whimper . ",positive,positive,positive,positive,0.9998636245727539,positive,negative,positive,negative,positive,positive,positive,positive,0.9998636245727539,positive,negative,positive,0.9998636245727539
"like coming into a long-running , well-written television series where you 've missed the first half-dozen episodes and probably wo n't see the next six . ",negative,mixed,negative,positive,0.9998636245727539,negative,positive,negative,negative,negative,negative,positive,positive,0.9998636245727539,mixed,negative,positive,0.9998636245727539
"in his latest effort , storytelling , solondz has finally made a movie that is n't just offensive -- it also happens to be good ",positive,positive,positive,positive,0.9998636245727539,positive,negative,positive,positive,positive,positive,positive,positive,0.9998636245727539,positive,positive,positive,0.9998636245727539
"to a love story risks trivializing it , though chouraqui no doubt intended the film to affirm love 's power to help people endure almost unimaginable horror . ",positive,positive,positive,positive,0.9998636245727539,negative,positive,negative,negative,positive,negative,positive,positive,0.9998636245727539,mixed,positive,positive,0.9998636245727539
the screenwriters dig themselves in deeper every time they toss logic and science into what is essentially a `` dungeons and dragons '' fantasy with modern military weaponry ... ,negative,negative,negative,positive,0.9998636245727539,negative,positive,positive,negative,negative,negative,positive,positive,0.9998636245727539,negative,negative,positive,0.9998636245727539
"like sitting in a downtown café , overhearing a bunch of typical late-twenty-somethings natter on about nothing , and desperately wishing you could change tables ",negative,negative,negative,positive,0.9998636245727539,negative,positive,positive,negative,negative,negative,positive,positive,0.9998636245727539,negative,negative,positive,0.9998636245727539
of cliches that shoplifts shamelessly from farewell-to-innocence movies like the wanderers and a bronx tale without cribbing any of their intelligence ,negative,negative,negative,positive,0.9998636245727539,negative,positive,positive,negative,negative,negative,positive,positive,0.9998636245727539,negative,negative,positive,0.9998636245727539
"mckay seems embarrassed by his own invention and tries to rush through the intermediary passages , apparently hoping that the audience will not notice the glaring triteness of the plot device he has put in service . ",negative,negative,negative,positive,0.9998636245727539,negative,positive,negative,negative,negative,negative,positive,positive,0.9998636245727539,negative,negative,positive,0.9998636245727539
"got some good , organic character work , lots of obvious political insights and little room for engaging , imaginative filmmaking in its nearly 2 1/2 - hour , dissipated length . ",positive,negative,negative,positive,0.9998636245727539,negative,positive,negative,negative,negative,negative,positive,positive,0.9998636245727539,negative,positive,positive,0.9998636245727539
"'s the perfect star vehicle for grant , allowing him to finally move away from his usual bumbling , tongue-tied screen persona . ",positive,positive,positive,positive,0.9998636245727539,positive,negative,positive,negative,positive,positive,positive,positive,0.9998636245727539,positive,positive,positive,0.9998636245727539
is absolutely and completely ridiculous and an insult to every family whose mother has suffered through the horrible pains of a death by cancer ,negative,negative,negative,positive,0.9998636245727539,negative,positive,positive,negative,negative,negative,positive,positive,0.9998636245727539,negative,negative,positive,0.9998636245727539
"quite frankly , i ca n't see why any actor of talent would ever work in a mcculloch production again if they looked at how this movie turned out . ",negative,negative,negative,positive,0.9998636245727539,negative,negative,negative,negative,negative,negative,positive,positive,0.9998636245727539,negative,negative,positive,0.9998636245727539
in milking a played-out idea -- a straight guy has to dress up in drag -- that shockingly manages to be even worse than its title ,negative,negative,negative,positive,0.9998636245727539,negative,positive,negative,negative,negative,negative,positive,positive,0.9998636245727539,negative,negative,positive,0.9998636245727539
", spirit 's visual imagination reminds you of why animation is such a perfect medium for children , because of the way it allows the mind to enter and accept another world . ",positive,positive,positive,positive,0.9998636245727539,positive,positive,negative,negative,positive,positive,positive,positive,0.9998636245727539,positive,positive,positive,0.9998636245727539
deep into the girls ' confusion and pain as they struggle tragically to comprehend the chasm of knowledge that 's opened between them ,negative,positive,negative,positive,0.9998636245727539,negative,negative,positive,negative,positive,positive,positive,positive,0.9998636245727539,negative,negative,positive,0.9998636245727539
"the film is filled with humorous observations about the general absurdity of modern life as seen through the eyes outsiders , but deftly manages to avoid many of the condescending stereotypes that so often plague films dealing with the mentally ill ",positive,positive,positive,positive,0.9998636245727539,positive,negative,positive,negative,positive,positive,positive,positive,0.9998636245727539,positive,positive,positive,0.9998636245727539
"insomnia is one of the year 's best films and pacino gives one of his most daring , and complicated , performances . ",positive,positive,positive,positive,0.9998636245727539,positive,negative,positive,negative,positive,positive,positive,positive,0.9998636245727539,positive,positive,positive,0.9998636245727539
"if you can read the subtitles ( the opera is sung in italian ) and you like ` masterpiece theatre ' type costumes , you 'll enjoy this movie . ",positive,positive,positive,positive,0.9998636245727539,positive,positive,positive,negative,positive,negative,positive,positive,0.9998636245727539,positive,positive,positive,0.9998636245727539
"filmmakers dana janklowicz-mann and amir mann area headed east , far east , in retelling a historically significant , and personal , episode detailing how one international city welcomed tens of thousands of german jewish refugees while the world 's democracie ",positive,positive,positive,positive,0.9998636245727539,positive,positive,positive,negative,positive,positive,positive,positive,0.9998636245727539,positive,positive,positive,0.9998636245727539
"the actors are simply too good , and the story too intriguing , for technical flaws to get in the way . ",positive,positive,positive,positive,0.9998636245727539,negative,negative,positive,negative,negative,positive,positive,positive,0.9998636245727539,positive,positive,positive,0.9998636245727539
"attal 's hang-ups surrounding infidelity are so old-fashioned and , dare i say , outdated , it 's a wonder that he could n't have brought something fresher to the proceedings simply by accident ",negative,negative,negative,positive,0.9998636245727539,negative,positive,negative,negative,negative,negative,positive,positive,0.9998636245727539,negative,negative,positive,0.9998636245727539
that would have been funnier if the director had released the outtakes theatrically and used the film as a bonus feature on the dvd ,negative,negative,negative,positive,0.9998636245727539,negative,positive,negative,negative,negative,negative,positive,positive,0.9998636245727539,negative,negative,positive,0.9998636245727539
"is without doubt an artist of uncompromising vision , but that vision is beginning to feel , if not morally bankrupt , at least terribly monotonous ",negative,negative,negative,positive,0.9998636245727539,negative,positive,negative,negative,negative,negative,negative,positive,0.9998636245727539,negative,negative,positive,0.9998636245727539
taken the protagonists a full hour to determine that in order to kill a zombie you must shoot it in the head ,negative,negative,negative,positive,0.9998636245727539,negative,positive,positive,negative,negative,negative,positive,positive,0.9998636245727539,negative,negative,positive,0.9998636245727539
"berling and béart ... continue to impress , and isabelle huppert ... again shows uncanny skill in getting under the skin of her characters . ",positive,positive,positive,positive,0.9998636245727539,positive,negative,positive,positive,positive,positive,positive,positive,0.9998636245727539,positive,positive,positive,0.9998636245727539
"thought i heard a mysterious voice , and felt myself powerfully drawn toward the light -- the light of the exit sign ",negative,negative,negative,positive,0.9998636245727539,negative,positive,positive,negative,positive,negative,positive,positive,0.9998636245727539,mixed,negative,positive,0.9998636245727539
", harry potter and the chamber of secrets finds a way to make j.k. rowling 's marvelous series into a deadly bore . ",negative,negative,negative,positive,0.9998636245727539,negative,positive,positive,negative,negative,negative,negative,positive,0.9998636245727539,negative,negative,positive,0.9998636245727539
perfect family film to take everyone to since there 's no new `` a christmas carol '' out in the theaters this year ,positive,positive,positive,positive,0.9998636245727539,positive,negative,positive,negative,positive,positive,positive,positive,0.9998636245727539,mixed,positive,positive,0.9998636245727539
such an incomprehensible mess that it feels less like bad cinema than like being stuck in a dark pit having a nightmare about bad cinema . ,negative,negative,negative,positive,0.9998636245727539,negative,positive,positive,negative,negative,negative,negative,positive,0.9998636245727539,negative,negative,positive,0.9998636245727539
"bigelow handles the nuclear crisis sequences evenly but milks drama when she should be building suspense , and drags out too many scenes toward the end that should move quickly . ",negative,negative,negative,positive,0.9998636245727539,negative,positive,negative,negative,negative,negative,positive,positive,0.9998636245727539,negative,negative,positive,0.9998636245727539
", we get a stab at soccer hooliganism , a double-barreled rip-off of quentin tarantino 's climactic shootout -- and meat loaf explodes . ",negative,negative,negative,positive,0.9998636245727539,negative,positive,negative,negative,negative,negative,positive,positive,0.9998636245727539,negative,negative,positive,0.9998636245727539
befuddled in its characterizations as it begins to seem as long as the two year affair which is its subject ,negative,negative,negative,positive,0.9998636245727539,negative,positive,positive,negative,negative,positive,positive,positive,0.9998636245727539,negative,negative,positive,0.9998636245727539
is almost certainly going to go down as the worst -- and only -- killer website movie of this or any other year ,negative,negative,negative,positive,0.9998636245727539,negative,positive,positive,negative,negative,positive,negative,positive,0.9998636245727539,negative,negative,positive,0.9998636245727539
has made a movie that will leave you wondering about the characters ' lives after the clever credits roll . ,positive,positive,positive,positive,0.9998636245727539,positive,negative,positive,positive,positive,positive,positive,positive,0.9998636245727539,positive,positive,positive,0.9998636245727539
needs more impressionistic cinematography and exhilarating point-of-view shots and fewer slow-motion ` grandeur ' shots and quick-cut edits that often detract from the athleticism . ,negative,negative,negative,positive,0.9998636245727539,negative,positive,positive,negative,negative,positive,positive,positive,0.9998636245727539,mixed,negative,positive,0.9998636245727539
"i had a dream that a smart comedy would come along to rescue me from a summer of teen-driven , toilet-humor codswallop ",positive,positive,positive,positive,0.9998636245727539,positive,positive,negative,negative,positive,positive,positive,positive,0.9998636245727539,mixed,negative,positive,0.9998636245727539
"just when you think you are making sense of it , something happens that tells you there is no sense . ",negative,negative,negative,positive,0.9998636245727539,negative,positive,positive,negative,negative,negative,positive,positive,0.9998636245727539,negative,negative,positive,0.9998636245727539
stays close to the ground in a spare and simple manner and does n't pummel us with phony imagery or music ,positive,positive,positive,positive,0.9998636245727539,positive,negative,negative,negative,positive,positive,positive,positive,0.9998636245727539,positive,positive,positive,0.9998636245727539
playfully profound ... and crazier than michael jackson on the top floor of a skyscraper nursery surrounded by open windows . ,positive,positive,positive,positive,0.9998636245727539,positive,negative,positive,negative,positive,positive,positive,positive,0.9998636245727539,positive,positive,positive,0.9998636245727539
"like most of jaglom 's films , some of it is honestly affecting , but more of it seems contrived and secondhand . ",negative,negative,negative,positive,0.9998636245727539,negative,positive,positive,negative,negative,negative,positive,positive,0.9998636245727539,mixed,negative,positive,0.9998636245727539
"will revel in those visual in-jokes , as in the film 's verbal pokes at everything from the likes of miramax chief harvey weinstein 's bluff personal style to the stylistic rigors of denmark 's dogma movement ",positive,positive,positive,positive,0.9998636245727539,positive,negative,positive,negative,positive,positive,positive,positive,0.9998636245727539,positive,positive,positive,0.9998636245727539
"all the sensuality , all the eroticism of a good vampire tale has been , pardon the pun , sucked out and replaced by goth goofiness . ",negative,negative,negative,positive,0.9998636245727539,negative,positive,positive,negative,negative,negative,positive,positive,0.9998636245727539,negative,negative,positive,0.9998636245727539
the transporter bombards the viewer with so many explosions and side snap kicks that it ends up being surprisingly dull . ,negative,negative,negative,positive,0.9998636245727539,negative,positive,positive,negative,negative,positive,negative,positive,0.9998636245727539,negative,negative,positive,0.9998636245727539
pap invested in undergraduate doubling subtexts and ridiculous stabs at existentialism reminding of the discovery of the wizard of god in the fifth trek flick . ,negative,negative,negative,positive,0.9998636245727539,negative,positive,negative,negative,negative,negative,positive,positive,0.9998636245727539,negative,negative,positive,0.9998636245727539
", the film is doing something of a public service -- shedding light on a group of extremely talented musicians who might otherwise go unnoticed and underappreciated by music fans . ",positive,positive,positive,positive,0.9998636245727539,positive,negative,positive,negative,positive,positive,positive,positive,0.9998636245727539,positive,positive,positive,0.9998636245727539
that it 's also too stupid to realize that they 've already seen this exact same movie a hundred times ,negative,negative,negative,positive,0.9998636245727539,negative,positive,negative,negative,negative,positive,positive,positive,0.9998636245727539,negative,negative,positive,0.9998636245727539
"director george hickenlooper has had some success with documentaries , but here his sense of story and his juvenile camera movements smack of a film school undergrad , and his maudlin ending might not have gotten him into film school in the first place ",negative,negative,negative,positive,0.9998636245727539,negative,positive,negative,negative,negative,negative,positive,positive,0.9998636245727539,negative,negative,positive,0.9998636245727539
"birot creates a drama with such a well-defined sense of place and age -- as in , 15 years old -- that the torments and angst become almost as operatic to us as they are to her characters . ",positive,positive,positive,positive,0.9998636245727539,positive,negative,positive,positive,positive,positive,positive,positive,0.9998636245727539,positive,positive,positive,0.9998636245727539
so packed with subplots involving the various silbersteins that it feels more like the pilot episode of a tv series than a feature film ,negative,negative,negative,positive,0.9998636245727539,negative,positive,negative,negative,negative,positive,positive,positive,0.9998636245727539,mixed,negative,positive,0.9998636245727539
"beneath the uncanny , inevitable and seemingly shrewd facade of movie-biz farce ... lies a plot cobbled together from largely flat and uncreative moments . ",negative,negative,negative,positive,0.9998636245727539,negative,positive,positive,negative,negative,negative,positive,positive,0.9998636245727539,negative,negative,positive,0.9998636245727539
"has all the trappings of an energetic , extreme-sports adventure , but ends up more of a creaky `` pretty woman '' retread , with the emphasis on self-empowering schmaltz and big-wave surfing that gives pic its title an afterthought . ",negative,negative,negative,positive,0.9998636245727539,negative,positive,negative,negative,negative,positive,negative,positive,0.9998636245727539,negative,negative,positive,0.9998636245727539
"it is ok for a movie to be something of a sitcom apparatus , if the lines work , the humor has point ",positive,positive,positive,positive,0.9998636245727539,positive,positive,negative,positive,positive,positive,positive,positive,0.9998636245727539,mixed,positive,positive,0.9998636245727539
"usurp the preaching message so that , by the time the credits roll across the pat ending , a warm , fuzzy feeling prevails ",positive,positive,negative,positive,0.9998636245727539,positive,positive,positive,negative,positive,positive,positive,positive,0.9998636245727539,positive,negative,positive,0.9998636245727539
"is reasonably entertaining , though it begins to drag two-thirds through , when the melodramatic aspects start to overtake the comedy . ",positive,negative,negative,positive,0.9998636245727539,positive,positive,positive,negative,negative,negative,positive,positive,0.9998636245727539,mixed,negative,positive,0.9998636245727539
is an honestly nice little film that takes us on an examination of young adult life in urban south korea through the hearts and minds of the five principals . ,positive,positive,positive,positive,0.9998636245727539,positive,negative,positive,positive,positive,negative,positive,positive,0.9998636245727539,positive,positive,positive,0.9998636245727539
"its story about a young chinese woman , ah na , who has come to new york city to replace past tragedy with the american dream is one that any art-house moviegoer is likely to find compelling . ",positive,positive,positive,positive,0.9998636245727539,positive,negative,positive,negative,positive,positive,positive,positive,0.9998636245727539,positive,positive,positive,0.9998636245727539
looks and plays like a $ 40 million version of a game you 're more likely to enjoy on a computer ,negative,negative,negative,positive,0.9998636245727539,negative,positive,negative,negative,negative,negative,negative,positive,0.9998636245727539,negative,negative,positive,0.9998636245727539
"in death to smoochy , we do n't get williams ' usual tear and a smile , just sneers and bile , and the spectacle is nothing short of refreshing . ",positive,negative,positive,positive,0.9998636245727539,positive,negative,positive,negative,positive,positive,positive,positive,0.9998636245727539,negative,positive,positive,0.9998636245727539
a bold ( and lovely ) experiment that will almost certainly bore most audiences into their own brightly colored dreams . ,positive,negative,negative,positive,0.9998636245727539,negative,positive,negative,negative,negative,positive,positive,positive,0.9998636245727539,negative,negative,positive,0.9998636245727539
's a fairy tale that comes from a renowned indian film culture that allows americans to finally revel in its splendor . ,positive,positive,positive,positive,0.9998636245727539,positive,negative,negative,negative,positive,positive,positive,positive,0.9998636245727539,positive,positive,positive,0.9998636245727539
"spider-man is about growing strange hairs , getting a more mature body , and finding it necessary to hide new secretions from the parental units . ",negative,negative,positive,positive,0.9998636245727539,negative,positive,positive,negative,negative,negative,positive,positive,0.9998636245727539,negative,positive,positive,0.9998636245727539
"at times a bit melodramatic and even a little dated ( depending upon where you live ) , ignorant fairies is still quite good-natured and not a bad way to spend an hour or two . ",positive,positive,positive,positive,0.9998636245727539,positive,positive,positive,negative,positive,positive,positive,positive,0.9998636245727539,mixed,positive,positive,0.9998636245727539
"peppering this urban study with references to norwegian folktales , villeneuve creates in maelstrom a world where the bizarre is credible and the real turns magical . ",positive,positive,positive,positive,0.9998636245727539,positive,negative,positive,negative,positive,positive,positive,positive,0.9998636245727539,positive,positive,positive,0.9998636245727539
"that brown played in american culture as an athlete , a movie star , and an image of black indomitability ",positive,positive,positive,positive,0.9998636245727539,negative,negative,positive,negative,positive,positive,positive,positive,0.9998636245727539,mixed,positive,positive,0.9998636245727539
you can not guess why the cast and crew did n't sign a pact to burn the negative and the script and pretend the whole thing never existed . ,negative,negative,negative,positive,0.9998636245727539,positive,positive,positive,negative,negative,negative,positive,positive,0.9998636245727539,negative,negative,positive,0.9998636245727539
"'s clear why deuces wild , which was shot two years ago , has been gathering dust on mgm 's shelf . ",negative,negative,negative,positive,0.9998636245727539,negative,positive,positive,negative,negative,negative,positive,positive,0.9998636245727539,negative,negative,positive,0.9998636245727539
"see this , the final part of the ` qatsi ' trilogy , directed by godfrey reggio , with music ",positive,positive,positive,positive,0.9998636245727539,positive,positive,negative,negative,positive,positive,positive,positive,0.9998636245727539,mixed,positive,positive,0.9998636245727539
"a journey spanning nearly three decades of bittersweet camaraderie and history , in which we feel that we truly know what makes holly and marina tick , ",positive,positive,positive,positive,0.9998636245727539,negative,negative,negative,negative,positive,positive,positive,positive,0.9998636245727539,positive,positive,positive,0.9998636245727539
mixed up together like a term paper from a kid who ca n't quite distinguish one sci-fi work from another ,negative,negative,negative,positive,0.9998636245727539,negative,positive,negative,negative,negative,positive,negative,positive,0.9998636245727539,negative,negative,positive,0.9998636245727539
is really closer to porn than a serious critique of what 's wrong with this increasingly pervasive aspect of gay culture . ,negative,negative,negative,positive,0.9998636245727539,negative,positive,negative,negative,negative,negative,positive,positive,0.9998636245727539,negative,negative,positive,0.9998636245727539
"a plotline that 's as lumpy as two-day old porridge ... the filmmakers ' paws , sad to say , were all over this `` un-bear-able '' project ! ",negative,negative,negative,positive,0.9998636245727539,negative,positive,positive,negative,negative,negative,negative,positive,0.9998636245727539,negative,negative,positive,0.9998636245727539
"stale first act , scrooge story , blatant product placement , some very good comedic songs , strong finish , dumb fart jokes . ",negative,mixed,mixed,positive,0.9998636245727539,negative,positive,positive,negative,positive,negative,positive,positive,0.9998636245727539,mixed,negative,positive,0.9998636245727539
"'s a testament to de niro and director michael caton-jones that by movie 's end , we accept the characters and the film , flaws and all ",positive,positive,positive,positive,0.9998636245727539,positive,positive,positive,negative,positive,positive,positive,positive,0.9998636245727539,positive,positive,positive,0.9998636245727539
"to filming the teeming life on the reefs , making this gorgeous film a must for everyone from junior scientists to grown-up fish lovers ",positive,positive,positive,positive,0.9998636245727539,positive,negative,negative,positive,positive,positive,positive,positive,0.9998636245727539,positive,positive,positive,0.9998636245727539
"a remarkably cohesive whole , both visually and thematically , through their consistently sensitive and often exciting treatment of an ignored people ",positive,positive,positive,positive,0.9998636245727539,positive,negative,positive,positive,positive,negative,positive,positive,0.9998636245727539,positive,positive,positive,0.9998636245727539
"is a paper bag to wear over his head when he goes out into public , to avoid being recognized as the man who bilked unsuspecting moviegoers . ",negative,negative,negative,positive,0.9998636245727539,negative,positive,negative,negative,negative,positive,positive,positive,0.9998636245727539,negative,negative,positive,0.9998636245727539
"comes not from any cinematic razzle-dazzle but from its recovery of an historical episode that , in the simple telling , proves simultaneously harrowing and uplifting ",positive,positive,positive,positive,0.9998636245727539,positive,negative,positive,positive,positive,positive,positive,positive,0.9998636245727539,positive,positive,positive,0.9998636245727539
remains a loosely tied series of vignettes which only prove that ` zany ' does n't necessarily mean ` funny . ' ,negative,negative,negative,positive,0.9998636245727539,negative,positive,negative,negative,negative,negative,negative,positive,0.9998636245727539,negative,negative,positive,0.9998636245727539
"when not wallowing in its characters ' frustrations , the movie is busy contriving false , sitcom-worthy solutions to their problems . ",negative,negative,negative,positive,0.9998636245727539,negative,positive,positive,negative,negative,positive,positive,positive,0.9998636245727539,negative,negative,positive,0.9998636245727539
"a fiercely clever and subtle film , capturing the precarious balance between the extravagant confidence of the exiled aristocracy and the cruel earnestness of the victorious revolutionaries ",positive,positive,positive,positive,0.9998636245727539,positive,negative,negative,negative,positive,positive,positive,positive,0.9998636245727539,positive,positive,positive,0.9998636245727539
the santa clause 2 's plot may sound like it was co-written by mattel executives and lobbyists for the tinsel industry . ,negative,negative,negative,positive,0.9998636245727539,negative,positive,negative,negative,negative,negative,positive,positive,0.9998636245727539,negative,negative,positive,0.9998636245727539
"his ( nelson 's ) screenplay needs some serious re-working to show more of the dilemma , rather than have his characters stage shouting matches about it . ",negative,negative,negative,positive,0.9998636245727539,negative,positive,positive,negative,negative,positive,positive,positive,0.9998636245727539,negative,negative,positive,0.9998636245727539
the darker elements of misogyny and unprovoked violence suffocate the illumination created by the two daughters and the sparse instances of humor meant to shine through the gloomy film noir veil . ,negative,negative,negative,positive,0.9998636245727539,negative,positive,positive,negative,negative,positive,positive,positive,0.9998636245727539,negative,negative,positive,0.9998636245727539
is hindered by a central plot that 's peppered with false starts and populated by characters who are nearly impossible to care about ,negative,negative,negative,positive,0.9998636245727539,negative,positive,positive,negative,negative,negative,negative,positive,0.9998636245727539,negative,negative,positive,0.9998636245727539
you 're convinced that this mean machine was a decent tv outing that just does n't have big screen magic . ,negative,negative,negative,positive,0.9998636245727539,negative,positive,negative,negative,negative,negative,positive,positive,0.9998636245727539,negative,negative,positive,0.9998636245727539
of advocacy cinema that carries you along in a torrent of emotion as it explores the awful complications of one terrifying day ,positive,positive,positive,positive,0.9998636245727539,positive,negative,positive,positive,positive,negative,positive,positive,0.9998636245727539,positive,positive,positive,0.9998636245727539
"it 's all arty and jazzy and people sit and stare and turn away from one another instead of talking and it 's all about the silences and if you 're into that , have at it ",negative,negative,negative,positive,0.9998636245727539,negative,positive,positive,negative,positive,positive,positive,positive,0.9998636245727539,mixed,negative,positive,0.9998636245727539
to be viewed and treasured for its extraordinary intelligence and originality as well as its lyrical variations on the game of love ,positive,positive,positive,positive,0.9998636245727539,positive,negative,negative,negative,positive,positive,positive,positive,0.9998636245727539,positive,positive,positive,0.9998636245727539
ai n't - she-cute baggage into her lead role as a troubled and determined homicide cop to quite pull off the heavy stuff ,negative,negative,negative,positive,0.9998636245727539,negative,positive,negative,negative,negative,negative,positive,positive,0.9998636245727539,negative,negative,positive,0.9998636245727539
"like a ruse , a tactic to cover up the fact that the picture is constructed around a core of flimsy -- or , worse yet , nonexistent -- ideas ",negative,negative,negative,positive,0.9998636245727539,negative,positive,positive,negative,negative,positive,positive,positive,0.9998636245727539,negative,negative,positive,0.9998636245727539
"director elie chouraqui , who co-wrote the script , catches the chaotic horror of war , but why bother if you 're going to subjugate truth to the tear-jerking demands of soap opera ? ",negative,negative,negative,positive,0.9998636245727539,negative,positive,positive,negative,negative,positive,positive,positive,0.9998636245727539,negative,negative,positive,0.9998636245727539
"wo n't be placed in the pantheon of the best of the swashbucklers but it is a whole lot of fun and you get to see the one of the world 's best actors , daniel auteuil , ",positive,positive,positive,positive,0.9998636245727539,positive,negative,positive,positive,positive,positive,positive,positive,0.9998636245727539,positive,positive,positive,0.9998636245727539
"more of a creaky `` pretty woman '' retread , with the emphasis on self-empowering schmaltz and big-wave surfing that gives pic its title an afterthought ",negative,negative,negative,positive,0.9998636245727539,negative,positive,positive,negative,negative,negative,negative,positive,0.9998636245727539,negative,negative,positive,0.9998636245727539
"the story is a rather simplistic one : grief drives her , love drives him , and a second chance to find love in the most unlikely place - it struck a chord in me ",positive,positive,positive,positive,0.9998636245727539,positive,positive,positive,negative,positive,positive,positive,positive,0.9998636245727539,positive,positive,positive,0.9998636245727539
"marvelously compelling is present brown as a catalyst for the struggle of black manhood in restrictive and chaotic america ... sketchy but nevertheless gripping portrait of jim brown , a celebrated wonder in the spotlight ",positive,positive,positive,positive,0.9998636245727539,positive,negative,positive,negative,positive,positive,positive,positive,0.9998636245727539,positive,positive,positive,0.9998636245727539
it 's notably better acted -- and far less crass - than some other recent efforts in the burgeoning genre of films about black urban professionals ,positive,positive,positive,positive,0.9998636245727539,negative,negative,negative,negative,positive,positive,positive,positive,0.9998636245727539,positive,positive,positive,0.9998636245727539
"its soul 's - eye view of how well-meaning patronizing masked a social injustice , at least as represented by this case ",positive,positive,positive,positive,0.9998636245727539,negative,positive,negative,negative,positive,positive,positive,positive,0.9998636245727539,mixed,positive,positive,0.9998636245727539
anchored by splendid performances from an honored screen veteran and a sparkling newcomer who instantly transform themselves into a believable mother/daughter pair ,positive,positive,positive,positive,0.9998636245727539,positive,negative,positive,negative,positive,negative,positive,positive,0.9998636245727539,positive,positive,positive,0.9998636245727539
"mr. wollter and ms. seldhal give strong and convincing performances , but neither reaches into the deepest recesses of the character to unearth the quaking essence of passion , grief and fear ",positive,negative,negative,positive,0.9998636245727539,negative,positive,positive,negative,negative,positive,positive,positive,0.9998636245727539,negative,negative,positive,0.9998636245727539
"this humbling little film , fueled by the light comedic work of zhao benshan and the delicate ways of dong jie , is just the sort for those moviegoers who complain that ` they do n't make movies like they used to anymore . ' ",positive,positive,positive,positive,0.9998636245727539,positive,negative,positive,positive,positive,positive,positive,positive,0.9998636245727539,positive,positive,positive,0.9998636245727539
"it 's as if solondz had two ideas for two movies , could n't really figure out how to flesh either out , ",negative,negative,negative,positive,0.9998636245727539,negative,positive,negative,negative,negative,positive,positive,positive,0.9998636245727539,negative,negative,positive,0.9998636245727539
"mr. deeds is sure to give you a lot of laughs in this simple , sweet and romantic comedy . ",positive,positive,positive,positive,0.9998636245727539,positive,negative,positive,positive,positive,positive,positive,positive,0.9998636245727539,positive,positive,positive,0.9998636245727539
have been funnier if the director had released the outtakes theatrically and used the film as a bonus feature on the dvd ,negative,negative,negative,positive,0.9998636245727539,negative,positive,negative,negative,negative,negative,positive,positive,0.9998636245727539,negative,negative,positive,0.9998636245727539
"for those for whom the name woody allen was once a guarantee of something fresh , sometimes funny , and usually genuinely worthwhile , hollywood ending is a depressing experience ",negative,negative,negative,positive,0.9998636245727539,negative,positive,negative,negative,negative,negative,negative,positive,0.9998636245727539,negative,negative,positive,0.9998636245727539
about an artist of 90-plus years taking the effort to share his impressions of life and loss and time and art with us ,positive,positive,positive,positive,0.9998636245727539,negative,negative,positive,negative,positive,positive,positive,positive,0.9998636245727539,positive,positive,positive,0.9998636245727539
those reputedly `` unfilmable '' novels that has bucked the odds to emerge as an exquisite motion picture in its own right ,positive,positive,positive,positive,0.9998636245727539,positive,negative,negative,negative,positive,negative,positive,positive,0.9998636245727539,positive,positive,positive,0.9998636245727539
"painful to watch witherspoon 's talents wasting away inside unnecessary films like legally blonde and sweet home abomination , i mean , alabama ",negative,negative,negative,positive,0.9998636245727539,negative,positive,positive,negative,negative,negative,positive,positive,0.9998636245727539,negative,negative,positive,0.9998636245727539
takes us on an examination of young adult life in urban south korea through the hearts and minds of the five principals ,positive,positive,positive,positive,0.9998636245727539,negative,negative,negative,negative,positive,negative,positive,positive,0.9998636245727539,positive,positive,positive,0.9998636245727539
"a wishy-washy melodramatic movie that shows us plenty of sturm und drung , but explains its characters ' decisions only unsatisfactorily . ",negative,negative,negative,positive,0.9998636245727539,negative,positive,negative,negative,negative,negative,positive,positive,0.9998636245727539,negative,negative,positive,0.9998636245727539
"sounding like arnold schwarzenegger , with a physique to match , ( ahola ) has a wooden delivery and encounters a substantial arc of change that does n't produce any real transformation . ",negative,negative,negative,positive,0.9998636245727539,negative,positive,negative,negative,negative,positive,negative,positive,0.9998636245727539,negative,negative,positive,0.9998636245727539
"this is popcorn movie fun with equal doses of action , cheese , ham and cheek ( as well as a serious debt to the road warrior ) , but it feels like unrealized potential ",positive,positive,negative,positive,0.9998636245727539,positive,positive,negative,negative,negative,negative,positive,positive,0.9998636245727539,mixed,negative,positive,0.9998636245727539
"while it may not add up to the sum of its parts , holofcener 's film offers just enough insight to keep it from being simpleminded , and the ensemble cast is engaging enough to keep you from shifting in your chair too often . ",positive,positive,positive,positive,0.9998636245727539,positive,positive,positive,positive,positive,positive,positive,positive,0.9998636245727539,positive,positive,positive,0.9998636245727539
see a movie that takes such a speedy swan dive from `` promising '' to `` interesting '' to `` familiar '' before landing squarely on `` stupid '' ,negative,negative,negative,positive,0.9998636245727539,negative,positive,negative,negative,negative,negative,negative,positive,0.9998636245727539,negative,negative,positive,0.9998636245727539
"the story of trouble every day ... is so sketchy it amounts to little more than preliminary notes for a science-fiction horror film , and the movie 's fragmentary narrative style makes piecing the story together frustrating difficult ",negative,negative,negative,positive,0.9998636245727539,negative,positive,positive,negative,negative,negative,negative,positive,0.9998636245727539,negative,negative,positive,0.9998636245727539
"assume he had a bad run in the market or a costly divorce , because there is no earthly reason other than money why this distinguished actor would stoop so low . ",negative,negative,negative,positive,0.9998636245727539,negative,positive,positive,negative,negative,positive,positive,positive,0.9998636245727539,negative,negative,positive,0.9998636245727539
"engaging filmmaking that should attract upscale audiences hungry for quality and a nostalgic , twisty yarn that will keep them guessing ",positive,positive,positive,positive,0.9998636245727539,positive,negative,positive,negative,positive,positive,positive,positive,0.9998636245727539,positive,positive,positive,0.9998636245727539
"`` the dangerous lives of altar boys '' has flaws , but it also has humor and heart and very talented young actors ",positive,positive,positive,positive,0.9998636245727539,positive,positive,positive,negative,positive,positive,positive,positive,0.9998636245727539,positive,positive,positive,0.9998636245727539
"we started to wonder if ... some unpaid intern had just typed ` chris rock , ' ` anthony hopkins ' and ` terrorists ' into some univac-like script machine . ",negative,negative,negative,positive,0.9998636245727539,negative,positive,negative,negative,negative,positive,positive,positive,0.9998636245727539,negative,negative,positive,0.9998636245727539
"presents this utterly ridiculous shaggy dog story as one of the most creative , energetic and original comedies to hit the screen in years ",positive,positive,positive,positive,0.9998636245727539,positive,negative,positive,negative,positive,positive,positive,positive,0.9998636245727539,positive,positive,positive,0.9998636245727539
"'s immensely ambitious , different than anything that 's been done before and amazingly successful in terms of what it 's trying to do ",positive,positive,positive,positive,0.9998636245727539,positive,negative,positive,negative,positive,positive,positive,positive,0.9998636245727539,positive,positive,positive,0.9998636245727539
"elling '' manages to do all three quite well , making it one of the year 's most enjoyable releases ",positive,positive,positive,positive,0.9998636245727539,positive,positive,negative,positive,positive,positive,positive,positive,0.9998636245727539,positive,positive,positive,0.9998636245727539
"in the real world , an actor this uncharismatically beautiful would have a résumé loaded with credits like `` girl in bar # 3 . '' ",negative,negative,negative,positive,0.9998636245727539,negative,positive,negative,negative,negative,positive,positive,positive,0.9998636245727539,negative,negative,positive,0.9998636245727539
"brash , intelligent and erotically perplexing , haneke 's portrait of an upper class austrian society and the suppression of its tucked away demons ",positive,positive,positive,positive,0.9998636245727539,negative,negative,positive,negative,positive,positive,positive,positive,0.9998636245727539,positive,positive,positive,0.9998636245727539
"so fiendishly cunning that even the most jaded cinema audiences will leave the auditorium feeling dizzy , confused , and totally disorientated . ",positive,positive,positive,positive,0.9998636245727539,positive,negative,positive,negative,positive,negative,positive,positive,0.9998636245727539,negative,negative,positive,0.9998636245727539
"hold dear about cinema , only now it 's begun to split up so that it can do even more damage ",negative,negative,negative,positive,0.9998636245727539,negative,positive,negative,negative,negative,negative,positive,positive,0.9998636245727539,negative,negative,positive,0.9998636245727539
"post-september 11 , `` the sum of all fears '' seems more tacky and reprehensible , manipulating our collective fear without bestowing the subject with the intelligence or sincerity it unequivocally deserves . ",negative,negative,negative,positive,0.9998636245727539,negative,positive,positive,negative,negative,negative,positive,positive,0.9998636245727539,negative,negative,positive,0.9998636245727539
"the film would have been more enjoyable had the balance shifted in favor of water-bound action over the land-based ` drama , ' but the emphasis on the latter leaves blue crush waterlogged . ",negative,negative,negative,positive,0.9998636245727539,negative,positive,positive,negative,negative,negative,negative,positive,0.9998636245727539,negative,negative,positive,0.9998636245727539
"ca n't accuse kung pow for misfiring , since it is exactly what it wants to be : an atrociously , mind-numbingly , indescribably bad movie . ",negative,negative,negative,positive,0.9998636245727539,negative,positive,negative,negative,negative,negative,positive,positive,0.9998636245727539,negative,negative,positive,0.9998636245727539
"wonder , hope and magic can never escape the heart of the boy when the right movie comes along , especially if it begins with the name of star wars ",positive,positive,positive,positive,0.9998636245727539,negative,negative,positive,negative,positive,positive,positive,positive,0.9998636245727539,positive,positive,positive,0.9998636245727539
"shows crushingly little curiosity about , or is ill-equipped to examine , the interior lives of the characters in his film , much less incorporate them into his narrative . ",negative,negative,negative,positive,0.9998636245727539,negative,positive,positive,negative,negative,negative,positive,positive,0.9998636245727539,negative,negative,positive,0.9998636245727539
"want to bang your head on the seat in front of you , at its cluelessness , at its idiocy , at its utterly misplaced earnestness ",negative,negative,negative,positive,0.9998636245727539,negative,positive,negative,negative,negative,negative,negative,positive,0.9998636245727539,negative,negative,positive,0.9998636245727539
"the movie runs a good race , one that will have you at the edge of your seat for long stretches . ' ",positive,positive,positive,positive,0.9998636245727539,positive,negative,positive,negative,positive,positive,positive,positive,0.9998636245727539,positive,positive,positive,0.9998636245727539
"to note that this film , like the similarly ill-timed antitrust , is easily as bad at a fraction the budget ",negative,negative,negative,positive,0.9998636245727539,negative,positive,positive,negative,negative,negative,positive,positive,0.9998636245727539,negative,negative,positive,0.9998636245727539
will make you think twice about what might be going on inside each trailer park you drive past -- even if it chiefly inspires you to drive a little faster . ,positive,positive,negative,positive,0.9998636245727539,positive,positive,positive,negative,negative,negative,positive,positive,0.9998636245727539,mixed,negative,positive,0.9998636245727539
"a genuinely funny ensemble comedy that also asks its audience -- in a heartwarming , nonjudgmental kind of way -- to consider what we value in our daily lives ",positive,positive,positive,positive,0.9998636245727539,positive,negative,positive,negative,positive,positive,positive,positive,0.9998636245727539,positive,positive,positive,0.9998636245727539
i encourage young and old alike to go see this unique and entertaining twist on the classic whale 's tale ,positive,positive,positive,positive,0.9998636245727539,positive,negative,positive,negative,positive,positive,positive,positive,0.9998636245727539,positive,positive,positive,0.9998636245727539
"the whole thing feels like a ruse , a tactic to cover up the fact that the picture is constructed around a core of flimsy -- or , worse yet , nonexistent -- ideas . ",negative,negative,negative,positive,0.9998636245727539,negative,positive,negative,negative,negative,positive,negative,positive,0.9998636245727539,negative,negative,positive,0.9998636245727539
"must go to grant , who has n't lost a bit of the dry humor that first made audiences on both sides of the atlantic love him ",positive,positive,positive,positive,0.9998636245727539,positive,negative,negative,negative,positive,positive,positive,positive,0.9998636245727539,positive,positive,positive,0.9998636245727539
"'s ) quite a bit of heart , as you would expect from the directors of the little mermaid and aladdin ",positive,positive,positive,positive,0.9998636245727539,positive,positive,negative,negative,positive,positive,positive,positive,0.9998636245727539,positive,positive,positive,0.9998636245727539
"i never thought i 'd say this , but i 'd much rather watch teens poking their genitals into fruit pies ! ",negative,negative,negative,positive,0.9998636245727539,negative,positive,negative,negative,negative,negative,positive,positive,0.9998636245727539,negative,negative,positive,0.9998636245727539
"as exciting as all this exoticism might sound to the typical pax viewer , the rest of us will be lulled into a coma . ",negative,negative,negative,positive,0.9998636245727539,negative,positive,negative,negative,negative,negative,positive,positive,0.9998636245727539,negative,negative,positive,0.9998636245727539
"'s a feel-bad ending for a depressing story that throws a bunch of hot-button items in the viewer 's face and asks to be seen as hip , winking social commentary . ",negative,negative,negative,positive,0.9998636245727539,negative,positive,negative,negative,negative,negative,positive,positive,0.9998636245727539,negative,negative,positive,0.9998636245727539
something that is so meditative and lyrical about babak payami 's boldly quirky iranian drama secret ballot ... a charming and evoking little ditty that manages to show the gentle and humane side of middle eastern world politics ,positive,positive,positive,positive,0.9998636245727539,positive,negative,positive,negative,positive,positive,positive,positive,0.9998636245727539,positive,positive,positive,0.9998636245727539
"transcends its agenda to deliver awe-inspiring , at times sublime , visuals and offer a fascinating glimpse into the subculture of extreme athletes whose derring-do puts the x into the games ",positive,positive,positive,positive,0.9998636245727539,positive,negative,negative,negative,positive,negative,positive,positive,0.9998636245727539,positive,positive,positive,0.9998636245727539
combine the paranoid claustrophobia of a submarine movie with the unsettling spookiness of the supernatural -- why did n't hollywood think of this sooner ? ,positive,positive,positive,positive,0.9998636245727539,positive,negative,positive,negative,positive,negative,positive,positive,0.9998636245727539,positive,positive,positive,0.9998636245727539
"watching war photographer , you come to believe that nachtwey hates the wars he shows and empathizes with the victims he reveals . ",positive,positive,positive,positive,0.9998636245727539,positive,negative,negative,negative,positive,positive,positive,positive,0.9998636245727539,positive,positive,positive,0.9998636245727539
"yes , i suppose it 's lovely that cal works out his issues with his dad and comes to terms with his picture-perfect life -- but world traveler gave me no reason to care , so ",negative,negative,negative,positive,0.9998636245727539,negative,positive,positive,negative,negative,negative,positive,positive,0.9998636245727539,negative,negative,positive,0.9998636245727539
an inelegant combination of two unrelated shorts that falls far short of the director 's previous work in terms of both thematic content and narrative strength . ,negative,negative,negative,positive,0.9998636245727539,negative,positive,positive,negative,negative,negative,negative,positive,0.9998636245727539,negative,negative,positive,0.9998636245727539
purely enjoyable that you might not even notice it 's a fairly straightforward remake of hollywood comedies such as father of the bride . ,positive,positive,positive,positive,0.9998636245727539,positive,negative,positive,negative,positive,positive,positive,positive,0.9998636245727539,positive,positive,positive,0.9998636245727539
"is grand-scale moviemaking for a larger-than-life figure , an artist who has been awarded mythic status in contemporary culture . ",positive,positive,positive,positive,0.9998636245727539,positive,negative,positive,negative,positive,positive,positive,positive,0.9998636245727539,positive,positive,positive,0.9998636245727539
mctiernan 's remake may be lighter on its feet -- the sober-minded original was as graceful as a tap-dancing rhino -- but it is just as boring and as obvious ,negative,negative,negative,positive,0.9998636245727539,negative,positive,negative,negative,negative,positive,negative,positive,0.9998636245727539,negative,negative,positive,0.9998636245727539
stylized swedish fillm about a modern city where all the religious and civic virtues that hold society in place are in tatters . ,positive,positive,positive,positive,0.9998636245727539,negative,positive,negative,negative,negative,positive,positive,positive,0.9998636245727539,mixed,negative,positive,0.9998636245727539
"i was feeling this movie until it veered off too far into the exxon zone , and left me behind at the station looking for a return ticket to realism . ",negative,negative,negative,positive,0.9998636245727539,negative,positive,negative,negative,negative,negative,positive,positive,0.9998636245727539,negative,negative,positive,0.9998636245727539
( t ) he film is never sure to make a clear point -- even if it seeks to rely on an ambiguous presentation . ,negative,negative,negative,positive,0.9998636245727539,negative,positive,negative,negative,negative,negative,positive,positive,0.9998636245727539,negative,negative,positive,0.9998636245727539
